feature,mutual_info
rvol_24h,0.015329587818576407
range_24h,0.014460117510242565
close_vs_sma24,0.01228662402179903
ret_24h,0.011215482419708267
ret_1h,0.009016830772867634
funding_rate,0.008880903096430082
rsi_14,0.004501022044042902
oi_chg_4h,0.0037320601235908413
vol_ratio_24h,0.00266137652124665
taker_buy_frac_1h,4.2778137306687114e-05
