{
  "bootstrap": {
    "total_return": {
      "point": 0.09654118328699335,
      "ci_lo": -0.14589315521611862,
      "ci_hi": 0.405780652312775
    },
    "sharpe": {
      "point": 0.9898883361060608,
      "ci_lo": -1.4118664373484684,
      "ci_hi": 3.4121088478023136
    },
    "profit_factor": {
      "point": 1.2976953540274276,
      "ci_lo": 0.6915109600935418,
      "ci_hi": 2.636067784095167
    },
    "max_drawdown": {
      "point": 0.11049080346923587,
      "ci_lo": 0.04414071021540187,
      "ci_hi": 0.2152438007505475
    },
    "p_total_return_le_0": 0.2406
  },
  "mc_permutation_pf": {
    "pf_obs": 1.2976953540274276,
    "p_value": 0.19390304847576212,
    "B": 2000
  },
  "reality_check": {
    "V_obs": 0.028585040882242247,
    "best_mean": 0.002365714816008311,
    "reality_check_p": 0.171,
    "n_candidates": 5,
    "B": 2000
  }
}