obs_net_total_return,obs_gross_total_return,p_net,p_gross,B
-0.014127988963541394,0.017929070720448914,0.23238380809595202,0.23238380809595202,2000
