model,split,n,mae,spearman_rho,dir_acc,top_q_dir_acc,top_q_edge,bot_q_dir_acc,bot_q_edge,cv_spearman,best_params
linear,val,146,0.02110763585954919,0.1823546990832233,0.4520547945205479,0.3793103448275862,-0.1724137931034483,0.6333333333333333,0.26666666666666666,0.12307039723201811,{'k': 19}
keras_mlp,val,146,0.019845884323864423,0.1223871761006717,0.5205479452054794,0.4827586206896552,0.0,0.6333333333333333,0.26666666666666666,0.10584942572702423,"{'hidden': (64, 32), 'l2': 0.0001, 'dropout': 0.2, 'lr': 0.001}"
random_forest,val,146,0.02018008338293172,0.04612804025719877,0.541095890410959,0.4827586206896552,0.0,0.5,0.0,0.039628385122097286,"{'k': 19, 'n_estimators': 300, 'max_depth': None, 'min_samples_leaf': 5}"
lightgbm,val,146,0.025315202609576305,-0.004540503022181948,0.4452054794520548,0.4827586206896552,0.0,0.5,0.0,0.0737341140461774,"{'k': 19, 'n_estimators': 600, 'learning_rate': 0.05, 'num_leaves': 31}"
svr,val,146,0.03255419522826837,-0.05889928952213857,0.4726027397260274,0.4482758620689655,0.0,0.4,-0.19999999999999996,0.08182513806640497,"{'k': 8, 'C': 1.0, 'gamma': 'scale', 'epsilon': 0.005}"
