model,split,n,mae,spearman_rho,dir_acc,top_q_dir_acc,top_q_edge,bot_q_dir_acc,bot_q_edge
linear,val,146,0.02110763585954919,0.1823546990832233,0.4520547945205479,0.3793103448275862,-0.1724137931034483,0.6333333333333333,0.26666666666666666
linear,test,146,0.01850889794311054,0.14139955462581824,0.5616438356164384,0.5517241379310345,0.10344827586206895,0.6333333333333333,0.0
