quantile,n,mean_pred,mean_actual,up_rate,model_dir_acc,baseline_dir_acc,edge_vs_baseline
1,30,-0.004106299433824405,-0.0054308039687332894,0.36666666666666664,0.6333333333333333,0.6333333333333333,0.0
2,29,-0.00035166641533042933,0.003929700654563467,0.5517241379310345,0.6206896551724138,0.4482758620689655,0.1724137931034483
3,29,0.0016308881654996368,-0.00991900827459655,0.3103448275862069,0.3103448275862069,0.6896551724137931,-0.37931034482758624
4,29,0.003990513047468253,0.006903891018374169,0.6896551724137931,0.6896551724137931,0.3103448275862069,0.37931034482758624
5,29,0.007927505367580039,0.0032083518604205845,0.5517241379310345,0.5517241379310345,0.4482758620689655,0.10344827586206895
