total_return,cagr,sharpe,profit_factor,max_drawdown,n_days,n_trades,n_long,n_short,win_rate,avg_ret_per_active_day,scenario,cost_per_side
0.1354956887388985,0.3739272082356424,1.3121730277296213,1.4234951652079544,0.10348785203012911,146,65,23,19,0.5238095238095238,0.003366087940125349,zero,0.0
0.09654118328699335,0.25910621687683966,0.9898883361060608,1.2976953540274276,0.11049080346923587,146,65,23,19,0.5238095238095238,0.0028898974639348716,base,0.0005
0.05890195593279213,0.15382349002859752,0.6656574202998946,1.1874210530123248,0.12026673622470585,146,65,23,19,0.5238095238095238,0.0024137069877443957,high,0.001
