signal,n_signals,coverage,n_long,n_short,sig_precision,sig_recall,net_return,gross_return,sharpe,win_rate,profit_factor,n_trades
argmax,856,0.11295856426497757,461,395,0.010514018691588784,0.2727272727272727,-0.6999665678177431,-0.29323358178909587,-5.111979639028,0.39602803738317754,0.637642027478853,856
tau=0.40,752,0.09923462655054104,400,352,0.011968085106382979,0.2727272727272727,-0.651299710774951,-0.2598030583909706,-4.845981233475752,0.38430851063829785,0.6307832586077504,752
tau=0.50,317,0.04183161784111903,145,172,0.00946372239747634,0.09090909090909091,-0.4178468687672494,-0.2003869796243668,-3.7071050267360115,0.3785488958990536,0.5755261651886346,317
tau=0.60,107,0.014119820533122196,33,74,0.0,0.0,-0.14547957295186653,-0.04887387268811816,-2.3183098186025335,0.3364485981308411,0.5552026617209468,107
tau=0.70,32,0.00422275006598047,1,31,0.0,0.0,-0.014127988963541394,0.017929070720448914,-0.36666321549448205,0.375,0.8545698868499627,32
