threshold,tau,test_events,pr_auc,macro_f1,extreme_recall,extreme_precision,n_trades,gross_return,net_return_base,net_ci_lo,net_ci_hi,gross_ci_lo,gross_ci_hi,sharpe_base,max_drawdown_base,net_return_zero,net_return_high,perm_p_net,perm_p_gross
0.03,0.7,21,0.027170741554914547,0.3332851558370202,0.42857142857142855,0.014018691588785047,46,0.07562720210556928,0.02731810810771007,-0.09715219908501037,0.17100776038975932,-0.05247955485214018,0.22986669459042441,0.46559127743396694,0.0810657968369423,0.07562720210556928,-0.01886639329794304,0.01699150424787606,0.01699150424787606
0.02,0.7,105,0.08816999317167133,0.35201816378401835,0.4380952380952381,0.05094130675526024,67,0.061872799053326544,-0.006917648474840776,-0.13232129844502422,0.13507818298258786,-0.0713416308969273,0.21521340061657732,-0.07091807845483261,0.09623391230093849,0.061872799053326544,-0.07131394582692208,0.07096451774112944,0.07096451774112944
0.01,0.6,766,0.29996720862021164,0.4321412481517736,0.4412532637075718,0.2837951301427372,80,0.15347942310681217,0.06490333286175254,-0.05327741540869526,0.1967092767565728,0.02877335856497384,0.29472160655395807,1.1831920468632362,0.06323608331805786,0.15347942310681217,-0.016949498665960516,0.0004997501249375312,0.0004997501249375312
